Author,Title,Problem,Solution,Insights / Gap
Bharath,DiagFusion: Robust Failure Diagnosis of Microservice System Through Multimodal Data,,,
Bharath,UniDiag: No More Data Silos: Unified Microservice Failure Diagnosis with Temporal Knowledge Graph,,,
Bharath,MicroDig/HORW: Diagnosing Performance Issues for Large-Scale Microservice Systems with Heterogeneous Graph,,,
Bharath,LogFit: Log Anomaly Detection Using Fine-Tuned Language Models,,,
Bharath,MicroNet: Operation Aware Root Cause Identification of Microservice System Anomalies,,,
Royson,AMulSys: Anomaly Detection for Microservice System via Augmented Multimodal Data and Hybrid Graph Representations,,,
Royson,CARE: Context-Aware Root Cause Identification Using Distributed Traces and Profiling Metrics,,,
Royson,DeepHunt: Interpretable Failure Localization for Microservice Systems Based on Graph Autoencoder,,,
Royson,FRL-MFPG: Propagation-aware Fault Root Cause Location for Microservice Intelligent O&M,,,
Royson,TraLogAnomaly: A Microservice System Anomaly Detection Approach Based on Hybrid Event Sequences,,,
Dhanush,CausalRCA: Causal Inference Based Precise Fine-Grained Root Cause Localization for Microservice Applications,,,
Dhanush,ServiceAnomaly: Anomaly Detection in Microservices Using Distributed Traces and Profiling Metrics,,,
Dhanush,Eadro: An End-to-End Troubleshooting Framework for Microservices on Multi-source Data,,,
Dhanush,MicroIRC: Instance-level Root Cause Localization for Microservice Systems,,,
Dhanush,Cascade IoT: Modeling and Analysis of Industrial IoT Reliability to Cascade Failures,,,
Anish,TraceGra: A Trace-Based Anomaly Detection for Microservice Using Graph Deep Learning,,,
Anish,GNN SDN: Graph Neural Network Based Robust Anomaly Detection at Service Level in SDN Driven Microservice System,,,
Anish,Log Survey: Log-Based Anomaly Detection for Distributed Systems: State of the Art,,,
Anish,MLP Anomaly: Anomaly Detection in Microservice-Based Systems,,,
Anish,System Logs Survey: System Logs Anomaly Detection: Are We on the Right Path?,,,