key,year,title,venue,doc_type,doi,issn,scopus_indexing,sjr_quartile,peer_reviewed,read_status,task,supervision,online_or_streaming,telemetry,propagation_modeling,forecasts_future_failures,llm_used,systems_evaluated,datasets,dataset_open,code_open,baselines_compared,metrics,headline_result,evidence_quality,relevance_to_us,overlap_with_us,threat_level_for_novelty,batch,cited_by_crossref
li2026service,2026,Service dependency modeling and failure propagation prediction in distributed systems based on graph neural networks,Discover Artificial Intelligence,journal-article,10.1007/s44163-026-01213-3,2731-0809,"indexed (manual check of Scopus Sources preview by ISSN, 2026-10-07; CiteScore 2025 = 6.2, 75th percentile)","unknown: no list supplied (Scopus preview shows SJR 2025 = 1.184, quartile not displayed)","yes (journal; received 21 Oct 2025, accepted 26 Mar 2026, p.27)",reviewed,cascade-forecast (failure propagation prediction + path ranking + impact scoring),"supervised (cross-entropy on failure labels, Eq.17); a self-supervised pre-training extension is mentioned in one paragraph (p.14)","claimed yes (Kafka streaming, incremental updates, 2.3 s prediction-to-alert, p.11); no end-to-end live evaluation shown","service logs, API-call traces, resource metrics (CPU, memory, load, response time, error rate), configuration files",GNN (GAT + GRU/Transformer/LSTM) plus noisy-OR cascade formula (Eq.21) and path probability product (Eq.22),"yes (horizons 5 min to 24 h claimed, p.18; Fig.6c)",no,"three named proprietary datasets EC-2022 (450 services), FS-2023 (280), TC-2023 (650) (p.12-13) plus synthetic data; Fig.5 shows 8 systems; Table 9 lists 5 deployments; counts inconsistent","proprietary, anonymized; synthetic generator","no (promised 'through institutional data sharing agreements', p.13)","no (promised 'on GitHub following publication', p.26; link not given; release unverified)","rule-based, statistical correlation, SVM, RF, LSTM, GraphSAGE, GAT, GCN, TGN, graph-based fault localization (= ref 22, which is DeepHunt/Sun 2025), compatibility orchestration (ref 21), Prometheus+Grafana, Datadog APM; DySAT/GraphMixer quoted p.23","precision, recall, F1, accuracy, Jaccard of propagation sequence, MAE of propagation time, latency, memory, detection time","P 0.94, R 0.92, accuracy 0.93, detection time 3.2 min vs 5.2 best graph baseline (Table 7, p.20); abstract: 94.1% P, 92.3% R, 93.2% F1, detection time -63.2%",2,5,"high (task); low (method: supervised GNN, proprietary data)",medium (high as a citation a reviewer will raise; low as evidence),1,0
sun2025interpretable,2025,Interpretable Failure Localization for Microservice Systems Based on Graph Autoencoder (DeepHunt),"ACM Transactions on Software Engineering and Methodology, Vol. 34, No. 2, Article 52",journal-article,10.1145/3695999,"1049-331X, 1557-7392","indexed (manual check of Scopus Sources preview by ISSN, 2026-10-07; CiteScore 2025 = 11.6, 89th percentile, rank 53/503 Software)","unknown: no list supplied (Scopus preview shows SJR 2025 = 1.59, quartile not displayed)","yes (received 23 Feb 2024, revised 19 Jun 2024, accepted 12 Aug 2024, p.28)",reviewed,"localization (instance-level, given a detected failure)",label-free at cold start (GAE trained on normal data; fixed initial scorer); label-light after operator feedback (ranking loss on labelled failures),"partly: per-failure online diagnosis in about 0.17-0.26 s (Table 6, p.20); failure detection is out of scope (p.6); minute-level SBGs","traces, logs (Drain templates, counts), metrics, deployment topology",GNN (GraphSAGE-style GAE) + first-order upstream/downstream aggregation (max) in the root cause score; no forecasting,no,no,"D1: simulated e-commerce testbed, 46 instances (40 services + 6 VMs); D2: bank management system, 18 instances (proprietary)","D1 (210 failures, 3,714 normal samples; public via GitHub/MEGA), D2 (133 failures, 12,297 normal samples; NDA)","partly: D1 yes (https://github.com/bbyldebb/Aiops-Dataset, README links a MEGA file; file not downloaded or verified); D2 no","yes: https://github.com/bbyldebb/DeepHunt (verified exists, last push 2024-02-23, no license file)","MicroHECL, MicroRank, AutoMAP, TraceRCA, Microscope, RCD (non-deep); DejaVu, Eadro, DiagFusion (supervised deep, 30% labels)","A@1, A@3, A@5, Avg@5","30% labels: D1 A@1 0.803, A@5 0.966, Avg@5 0.898; D2 A@1 0.785, A@5 0.946, Avg@5 0.901 (Table 3, p.17); 0% labels: D1 A@5 0.959, D2 A@5 0.903 (p.17)",3,5,high (label-free baseline-window calibration; multimodal; graph; online) except forecasting,high for 'label-free RCA is new'; low for 'cascade forecasting',1,
yao2024chain,2024,Chain-of-Event: Interpretable Root Cause Analysis for Microservices through Automatically Learning Weighted Event Causal Graph,"FSE Companion '24: Companion Proceedings of the 32nd ACM International Conference on the Foundations of Software Engineering (Porto de Galinhas, Brazil)",proceedings-article,10.1145/3663529.3663827,"none (ACM proceedings, ISBN 9798400706585)",unverified (proceedings volume has no ISSN; Scopus title search in the preview did not work reliably; see litdb/reference/scopus_checks.md),unknown: no list supplied,"yes, conference companion volume; track not stated in the PDF; received 2024-02-08, accepted 2024-04-18 (p.13)",reviewed,localization (event-level root cause ranking within a known incident),"supervised (trained on historical incidents with root-cause event labels from SRE tickets, p.6)","no (incident-time inference; periodic retraining suggested, p.9)","events derived from metrics, logs, traces, and operation activities (code deployment, config change)",learned weighted event-causal graph; random-walk-style chain scoring with absorbing 'self-cause' term,no,no (BERT embeddings used only for GNN baselines),"one proprietary e-commerce system (eBay-affiliated authors; 'global top-5', over 5,000 services)","Service dataset (170 incidents) and Business dataset (782 incidents), Jan 2020 to Apr 2021; proprietary",no,"yes: https://github.com/NetManAIOps/Chain-of-Event (verified HTTP 200, last push 2024-05-06; minimal README, no license file, no data)","PageRank, GCN, GraphSAGE, GAT, Groot (with and without manual graph), CoE with manual graph",top-1 and top-3 accuracy,"Service: top-1 79.3%, top-3 98.8%; Business: top-1 85.3%, top-3 96.6% (Table 2, p.10)",2,4,partial (event-level propagation weights; but supervised and not forecasting),low (for forecasting); medium (for 'learned causal weights between events'),1,
barata2026anomaly,2026,Anomaly detection and root-cause identification in microservices: a survey,Cluster Computing,journal-article,10.1007/s10586-026-06095-9,"1386-7857,1573-7543",unknown (no list in litdb/reference/),,,extracted,,,,,,,,,,,,,,,,,,,queue,0
erakovic2025hybrid,2025,Hybrid Root Cause Analysis for Partially Observable Microservices Based on Architecture Profiling,Proceedings of the 15th International Conference on Cloud Computing and Services Science,proceedings-article,10.5220/0013453600003950,,unknown (no list in litdb/reference/),,,extracted,,,,,,,,,,,,,,,,,,,queue,0
fu2025intelligent,2025,Intelligent Root Cause Localization in MicroService Systems: A Survey and New Perspectives,ACM Computing Surveys,journal-article,10.1145/3736755,"0360-0300,1557-7341",unknown (no list in litdb/reference/),,,extracted,,,,,,,,,,,,,,,,,,,queue,10
pantangshixiangtanghuanqipuzhiqingmiaozhixingwang2025microrca,2025,MicroRCA-Agent: Microservice Root Cause Analysis Method Based on Large Language Model Agents,arXiv preprint,preprint,,,unknown (no list in litdb/reference/),,,extracted,,,,,,,,,,,,,,,,,,,queue,
podduturi2025microservice,2025,AI for Microservice Monitoring &amp; Anomaly Detection,"International Conference on Computer Science, Artificial Intelligence, Machine Learning [ICCSAIML'25]",proceedings-article,10.56472/iccsaiml25-125,,unknown (no list in litdb/reference/),,,extracted,,,,,,,,,,,,,,,,,,,queue,1
shuaiyuxiehanbinhejianwangbingli2025root,2025,Root Cause Analysis for Microservice Systems via Cascaded Conditional Learning with Hypergraphs,arXiv preprint,preprint,,,unknown (no list in litdb/reference/),,,extracted,,,,,,,,,,,,,,,,,,,queue,
pham2024root,2024,Root Cause Analysis for Microservice System based on Causal Inference: How Far Are We?,Proceedings of the 39th IEEE/ACM International Conference on Automated Software Engineering,proceedings-article,10.1145/3691620.3695065,,unknown (no list in litdb/reference/),,,extracted,,,,,,,,,,,,,,,,,,,queue,38
tingtingwangguilinqi2024comprehensive,2024,"A Comprehensive Survey on Root Cause Analysis in (Micro) Services: Methodologies, Challenges, and Trends",arXiv preprint,preprint,,,unknown (no list in litdb/reference/),,,extracted,,,,,,,,,,,,,,,,,,,queue,
yuqingwangmikavmntylsergedemeyermutlubeyazitjoannakisaakyejessenyyssl2024cross,2024,Cross-System Categorization of Abnormal Traces in Microservice-Based Systems via Meta-Learning,arXiv preprint,preprint,,,unknown (no list in litdb/reference/),,,extracted,,,,,,,,,,,,,,,,,,,queue,
zimingzhaozhenweiwangtiehuazhangzhishushenhaidongzhenleixingjunmagaoweixuzhijundingyunyang2024chase,2024,CHASE: A Causal Hypergraph based Framework for Root Cause Analysis in Multimodal Microservice Systems,arXiv preprint,preprint,,,unknown (no list in litdb/reference/),,,extracted,,,,,,,,,,,,,,,,,,,queue,
sheriffadepoju2023cascading,2023,Cascading Failure Modes in Model-as-a-Service Architectures : When Your Dependencies Think,International Journal of Scientific Research in Civil Engineering,journal-article,10.32628/ijsrce237530,2456-6667,unknown (no list in litdb/reference/),,,extracted,,,,,,,,,,,,,,,,,,,queue,0
bridgingtheg,,,,,,,unknown (no list in litdb/reference/),,,extracted,,,,,,,,,,,,,,,,,,,queue,
causalrca,,,,,,,unknown (no list in litdb/reference/),,,extracted,,,,,,,,,,,,,,,,,,,queue,
costsensitiv,,,,,,,unknown (no list in litdb/reference/),,,extracted,,,,,,,,,,,,,,,,,,,queue,
graphneurala,,,,,,,unknown (no list in litdb/reference/),,,extracted,,,,,,,,,,,,,,,,,,,queue,
realtimecont,,,,,,,unknown (no list in litdb/reference/),,,extracted,,,,,,,,,,,,,,,,,,,queue,
realtimeobse,,,,,,,unknown (no list in litdb/reference/),,,extracted,,,,,,,,,,,,,,,,,,,queue,
theysayitsre,,,,,10.48084/etasr.XXXXX,,unknown (no list in litdb/reference/),,,extracted,,,,,,,,,,,,,,,,,,,queue,
