method,run,service,fault,rank,rr,delay_s
full,synthetic_0,queue,synthetic,1,1.0,15.0
full,synthetic_1,orders-db,synthetic,1,1.0,15.0
full,synthetic_2,orders,synthetic,1,1.0,15.0
full,synthetic_3,catalogue,synthetic,1,1.0,15.0
full,synthetic_4,catalogue,synthetic,1,1.0,15.0
full,synthetic_5,cart,synthetic,1,1.0,15.0
full,synthetic_6,cart,synthetic,1,1.0,15.0
full,synthetic_7,cart,synthetic,1,1.0,15.0
full,synthetic_8,cart-db,synthetic,1,1.0,15.0
full,synthetic_9,queue,synthetic,1,1.0,15.0
no_cascade,synthetic_0,queue,synthetic,1,1.0,15.0
no_cascade,synthetic_1,orders-db,synthetic,1,1.0,15.0
no_cascade,synthetic_2,orders,synthetic,1,1.0,15.0
no_cascade,synthetic_3,catalogue,synthetic,1,1.0,15.0
no_cascade,synthetic_4,catalogue,synthetic,1,1.0,15.0
no_cascade,synthetic_5,cart,synthetic,1,1.0,15.0
no_cascade,synthetic_6,cart,synthetic,1,1.0,15.0
no_cascade,synthetic_7,cart,synthetic,1,1.0,15.0
no_cascade,synthetic_8,cart-db,synthetic,1,1.0,15.0
no_cascade,synthetic_9,queue,synthetic,1,1.0,15.0
no_precedence,synthetic_0,queue,synthetic,1,1.0,15.0
no_precedence,synthetic_1,orders-db,synthetic,1,1.0,15.0
no_precedence,synthetic_2,orders,synthetic,1,1.0,15.0
no_precedence,synthetic_3,catalogue,synthetic,1,1.0,15.0
no_precedence,synthetic_4,catalogue,synthetic,1,1.0,15.0
no_precedence,synthetic_5,cart,synthetic,1,1.0,15.0
no_precedence,synthetic_6,cart,synthetic,1,1.0,15.0
no_precedence,synthetic_7,cart,synthetic,1,1.0,15.0
no_precedence,synthetic_8,cart-db,synthetic,1,1.0,15.0
no_precedence,synthetic_9,queue,synthetic,1,1.0,15.0
no_explained,synthetic_0,queue,synthetic,1,1.0,15.0
no_explained,synthetic_1,orders-db,synthetic,1,1.0,15.0
no_explained,synthetic_2,orders,synthetic,1,1.0,15.0
no_explained,synthetic_3,catalogue,synthetic,1,1.0,15.0
no_explained,synthetic_4,catalogue,synthetic,1,1.0,15.0
no_explained,synthetic_5,cart,synthetic,1,1.0,15.0
no_explained,synthetic_6,cart,synthetic,1,1.0,15.0
no_explained,synthetic_7,cart,synthetic,1,1.0,15.0
no_explained,synthetic_8,cart-db,synthetic,1,1.0,15.0
no_explained,synthetic_9,queue,synthetic,1,1.0,15.0
pagerank,synthetic_0,queue,synthetic,1,1.0,15.0
pagerank,synthetic_1,orders-db,synthetic,1,1.0,15.0
pagerank,synthetic_2,orders,synthetic,1,1.0,15.0
pagerank,synthetic_3,catalogue,synthetic,1,1.0,15.0
pagerank,synthetic_4,catalogue,synthetic,1,1.0,15.0
pagerank,synthetic_5,cart,synthetic,1,1.0,15.0
pagerank,synthetic_6,cart,synthetic,1,1.0,15.0
pagerank,synthetic_7,cart,synthetic,1,1.0,15.0
pagerank,synthetic_8,cart-db,synthetic,1,1.0,15.0
pagerank,synthetic_9,queue,synthetic,1,1.0,15.0
anomaly_only,synthetic_0,queue,synthetic,4,0.25,
anomaly_only,synthetic_1,orders-db,synthetic,3,0.3333333333333333,
anomaly_only,synthetic_2,orders,synthetic,2,0.5,
anomaly_only,synthetic_3,catalogue,synthetic,2,0.5,
anomaly_only,synthetic_4,catalogue,synthetic,2,0.5,
anomaly_only,synthetic_5,cart,synthetic,2,0.5,
anomaly_only,synthetic_6,cart,synthetic,2,0.5,
anomaly_only,synthetic_7,cart,synthetic,2,0.5,
anomaly_only,synthetic_8,cart-db,synthetic,1,1.0,15.0
anomaly_only,synthetic_9,queue,synthetic,4,0.25,
earliest,synthetic_0,queue,synthetic,1,1.0,15.0
earliest,synthetic_1,orders-db,synthetic,1,1.0,15.0
earliest,synthetic_2,orders,synthetic,2,0.5,
earliest,synthetic_3,catalogue,synthetic,2,0.5,
earliest,synthetic_4,catalogue,synthetic,2,0.5,
earliest,synthetic_5,cart,synthetic,2,0.5,
earliest,synthetic_6,cart,synthetic,2,0.5,
earliest,synthetic_7,cart,synthetic,1,1.0,15.0
earliest,synthetic_8,cart-db,synthetic,1,1.0,15.0
earliest,synthetic_9,queue,synthetic,3,0.3333333333333333,
random,synthetic_0,queue,synthetic,3,0.3333333333333333,
random,synthetic_1,orders-db,synthetic,3,0.3333333333333333,
random,synthetic_2,orders,synthetic,2,0.5,
random,synthetic_3,catalogue,synthetic,1,1.0,15.0
random,synthetic_4,catalogue,synthetic,1,1.0,15.0
random,synthetic_5,cart,synthetic,1,1.0,15.0
random,synthetic_6,cart,synthetic,1,1.0,15.0
random,synthetic_7,cart,synthetic,1,1.0,15.0
random,synthetic_8,cart-db,synthetic,1,1.0,15.0
random,synthetic_9,queue,synthetic,3,0.3333333333333333,
