,recall,A1,A3,A1_slow,A1_errors,A1_crash,A1_hang,false_alarms_h,tau
ours (default),0.42,0.44,0.5,0.04,0.58,1.0,0.06,0.1,3.25
ours + 3-tick smoothing,0.43,0.47,0.49,0.17,0.61,1.0,0.03,0.34,3.25
no tail-aware spread,0.43,0.44,0.52,0.05,0.58,1.0,0.06,0.29,3.25
no binomial errors,0.42,0.44,0.5,0.04,0.58,1.0,0.06,0.1,3.25
no per-series normalisation,0.28,0.38,0.5,0.13,0.23,1.0,0.03,1.37,13.0
no self-healing baseline,0.42,0.43,0.5,0.0,0.58,1.0,0.06,0.1,3.25
no log scale,0.42,0.43,0.52,0.09,0.58,1.0,0.0,0.05,3.25
no common-mode,0.42,0.44,0.5,0.04,0.58,1.0,0.06,0.1,3.25
no explain-away (gamma=0),0.42,0.46,0.56,0.14,0.6,1.0,0.03,0.1,3.25
no crash bonus,0.42,0.44,0.5,0.04,0.58,1.0,0.06,0.1,3.25
no blind-spot inference,0.42,0.44,0.5,0.04,0.58,1.0,0.06,0.1,3.25
persistence 1,0.43,0.44,0.5,0.04,0.58,1.0,0.06,1.56,3.25
persistence 3,0.39,0.44,0.5,0.04,0.58,1.0,0.06,0.78,3.0
sustained window ranking,0.42,0.43,0.5,0.04,0.6,1.0,0.0,0.1,3.25
BASELINE most abnormal,0.42,0.46,0.56,0.14,0.6,1.0,0.03,0.1,3.25
BASELINE earliest,0.42,0.46,0.56,0.14,0.6,1.0,0.03,0.1,3.25
BASELINE original notebook,0.52,0.46,0.5,0.14,0.66,0.94,0.04,78.7,
BASELINE random,0.42,0.04,0.11,0.04,0.06,0.0,0.06,0.1,3.25
